{"Train_loss": 0.13472812553246816, "_timestamp": 1693857821.5472806, "_runtime": 47.55401062965393, "_step": 93, "Valid_loss": 0.15853753400345644}