{"train/box_loss": 3.19816, "train/pose_loss": 9.17195, "train/kobj_loss": 0.71926, "train/cls_loss": 3.9713, "train/dfl_loss": 4.16748, "_timestamp": 1681850823.5117853, "lr/pg0": 0.03937069, "lr/pg1": 0.0023706900000000004, "lr/pg2": 0.0023706900000000004, "metrics/precision(B)": 0.00667, "metrics/recall(B)": 0.57143, "metrics/mAP50(B)": 0.03915, "metrics/mAP50-95(B)": 0.00783, "metrics/precision(P)": 0.0, "metrics/recall(P)": 0.0, "metrics/mAP50(P)": 0.0, "metrics/mAP50-95(P)": 0.0, "val/box_loss": 3.39603, "val/pose_loss": 11.17865, "val/kobj_loss": 0.69416, "val/cls_loss": 3.67847, "val/dfl_loss": 4.11299, "model/parameters": 3295470, "model/GFLOPs": 9.296, "model/speed(ms)": 4.449, "_runtime": 26.925578355789185, "_step": 64, "train_batch0": {"_type": "image-file", "sha256": "ccc31075cd01e9146748a297f2627b8137f3b00cd561326b3be639316acfa3b6", "size": 301755, "path": "media/images/train_batch0_2_ccc31075cd01e9146748.jpg", "format": "jpg", "width": 1280, "height": 1280}}