{"Train_loss": 0.10605275021245082, "_timestamp": 1693857297.7513769, "_runtime": 90.42249178886414, "_step": 211, "Valid_loss": 0.1446291896700859, "_wandb": {"runtime": 90}}