{"Train_loss": 0.3142970705330372, "_timestamp": 1694049486.2786155, "_runtime": 224.77472758293152, "_step": 155, "Valid_loss": 0.322725847363472, "_wandb": {"runtime": 226}}