{"Train_loss": 0.13914044140527645, "_timestamp": 1693858174.6020257, "_runtime": 222.23919463157654, "_step": 525, "Valid_loss": 0.1584445386379957, "_wandb": {"runtime": 222}}