{"Train_loss": 0.31024449462443593, "_timestamp": 1694047700.93421, "_runtime": 312.43118596076965, "_step": 221, "Valid_loss": 0.3240933659076691, "_wandb": {"runtime": 314}}