{"Train_loss": 0.15302708970382808, "_timestamp": 1693857759.3790534, "_runtime": 27.102802276611328, "_step": 45, "Valid_loss": 0.1616557978093624}