{"Train_loss": 0.10764329303676884, "_timestamp": 1693857571.7336113, "_runtime": 85.950852394104, "_step": 193, "Valid_loss": 0.1478290732204914, "_wandb": {"runtime": 86}}