{"Train_loss": 0.36443904715776443, "_timestamp": 1694221189.5190604, "_runtime": 119.14052438735962, "_step": 51, "Valid_loss": 0.36444082820415497, "_wandb": {"runtime": 121}}