{"Train_loss": 0.321796626830101, "_timestamp": 1694221092.3888137, "_runtime": 140.58464074134827, "_step": 65, "Valid_loss": 0.3525339197397232, "_wandb": {"runtime": 143}}