{"Train_loss": 0.3284050937158516, "_timestamp": 1694224086.4265623, "_runtime": 203.40841841697693, "_step": 59, "Valid_loss": 0.34572317783892326, "_wandb": {"runtime": 208}}