{"train/box_loss": 3.62156, "train/pose_loss": 9.73973, "train/kobj_loss": 0.70373, "train/cls_loss": 3.68902, "train/dfl_loss": 4.09966, "_timestamp": 1681865431.7268841, "lr/pg0": 0.0011970100000000122, "lr/pg1": 0.0001970100000000001, "lr/pg2": 0.0001970100000000001, "metrics/precision(B)": 0.006666666666666667, "metrics/recall(B)": 0.5714285714285714, "metrics/mAP50(B)": 0.018628734305227847, "metrics/mAP50-95(B)": 0.0056775648144176145, "metrics/precision(P)": 0.0, "metrics/recall(P)": 0.0, "metrics/mAP50(P)": 0.0, "metrics/mAP50-95(P)": 0.0, "val/box_loss": 3.3971, "val/pose_loss": 11.18679, "val/kobj_loss": 0.69422, "val/cls_loss": 3.67208, "val/dfl_loss": 4.10535, "model/parameters": 3295470, "model/GFLOPs": 9.296, "model/speed(ms)": 5.532, "_runtime": 36.94081401824951, "_step": 100, "train_batch0": {"_type": "image-file", "sha256": "ccc31075cd01e9146748a297f2627b8137f3b00cd561326b3be639316acfa3b6", "size": 301755, "path": "media/images/train_batch0_2_ccc31075cd01e9146748.jpg", "format": "jpg", "width": 1280, "height": 1280}, "_wandb": {"runtime": 37}}