{"train/box_loss": 3.17692, "train/pose_loss": 10.16517, "train/kobj_loss": 0.7031, "train/cls_loss": 3.75796, "train/dfl_loss": 4.19736, "_timestamp": 1681851801.4916756, "lr/pg0": 0.08066341, "lr/pg1": 0.0016634100000000001, "lr/pg2": 0.0016634100000000001, "metrics/precision(B)": 0.00667, "metrics/recall(B)": 0.57143, "metrics/mAP50(B)": 0.00986, "metrics/mAP50-95(B)": 0.00442, "metrics/precision(P)": 0.0, "metrics/recall(P)": 0.0, "metrics/mAP50(P)": 0.0, "metrics/mAP50-95(P)": 0.0, "val/box_loss": 3.3941, "val/pose_loss": 11.18363, "val/kobj_loss": 0.69482, "val/cls_loss": 3.74778, "val/dfl_loss": 4.14242, "model/parameters": 3295470, "model/GFLOPs": 9.296, "model/speed(ms)": 5.329, "_runtime": 14.41810154914856, "_step": 22, "train_batch0": {"_type": "image-file", "sha256": "ccc31075cd01e9146748a297f2627b8137f3b00cd561326b3be639316acfa3b6", "size": 301755, "path": "media/images/train_batch0_2_ccc31075cd01e9146748.jpg", "format": "jpg", "width": 1280, "height": 1280}}