{"Train_loss": 0.36633031440277897, "_timestamp": 1693857901.9144316, "_runtime": 27.517698526382446, "_step": 51, "Valid_loss": 0.37477691253026324, "_wandb": {"runtime": 27}}