{"Train_loss": 0.18598647373418012, "_timestamp": 1693857856.9093573, "_runtime": 12.480814218521118, "_step": 9, "Valid_loss": 0.18312561497092247}