{"Train_loss": 0.11384556540598471, "_timestamp": 1693856898.9859326, "_runtime": 91.63000154495239, "_step": 211, "Valid_loss": 0.14538860825200875, "_wandb": {"runtime": 91}}